Setup title,"I/V Sweep"
Classic test name,"I/V Sweep"
Test date,4/19/2023
Test time,15:44:14
Device ID,
Count,5
Flags,
Remarks,
Context.MainFrame,B1500A
Channel.UnitType,SMU,SMU
Channel.Unit,SMU4:HR,SMU3:HR
Channel.IName,I1,l2
Channel.VName,V1,V2
Channel.Mode,V,COMMON
Channel.Func,VAR1,CONST
Channel.Index,
Channel.Time,
Measurement.Port.Unit,SMU4:HR,SMU3:HR
Measurement.Port.SeriesResistor,NONE,NONE
Measurement.Port.Filter,ON,ON
Measurement.Port.OutputVoltageComparison,0,0
Measurement.Primary.Locus,Double
Measurement.Primary.Scale,LINEAR
Measurement.Primary.Start,0
Measurement.Primary.Stop,1
Measurement.Primary.Step,0.01
Measurement.Primary.Compliance,0.0002
Measurement.Primary.PowerCompliance,0
Measurement.Aborting.Condition,"CONTINUE AT ANY"
Measurement.PostOutput.Value,START
Measurement.PostOutput.Retention,OFF
Measurement.Bias.Source,0,0
Measurement.Bias.Compliance,0.0002,0.1
Measurement.Monitor.Unit,SMU4:HR,SMU3:HR
Measurement.Monitor.Adc,"HR ADC","HR ADC"
Measurement.Monitor.Measurement,"Compliance Side","Compliance Side"
Measurement.Monitor.RangingMode,LIMITED,LIMITED
Measurement.Monitor.RangeBoundary,1nA,1nA
Measurement.Monitor.RangeRating,"BY FULL RANGE","BY FULL RANGE"
Measurement.Monitor.RangeRatingCoeff,50,50
Measurement.Timing.Hold,0
Measurement.Timing.Delay,0
Measurement.Adc.HighSpeed.Mode,PLC
Measurement.Adc.HighSpeed.Coeff,6
Measurement.Adc.HighResolution.AutoZero,OFF
Measurement.Adc.HighResolution.Mode,PLC
Measurement.Adc.HighResolution.Coeff,6
Measurement.WaitTime.Source.Coeff,1
Measurement.WaitTime.Source.Offset,0
Measurement.WaitTime.Monitor.Coeff,1
Measurement.WaitTime.Monitor.Offset,0
Output.Graph.Enabled,true
Output.Graph.AutoScaling,false
Output.Graph.XAxis.Data,V1
Output.Graph.XAxis.Scale,Linear
Output.Graph.XAxis.Left,-1
Output.Graph.XAxis.Right,1
Output.Graph.XAxis.RunTimeAutoScale,true
Output.Graph.YAxis.Data,I1
Output.Graph.YAxis.Scale,Linear
Output.Graph.YAxis.Bottom,-0.1
Output.Graph.YAxis.Top,0.1
Output.Graph.YAxis.Group,
Output.Graph.YAxis.RunTimeAutoScale,true
AutoAnalysis.Interpolation,false
AutoAnalysis.Line1.Enabled,false
AutoAnalysis.Line1.Type,1
AutoAnalysis.Line1.Fix,True
AutoAnalysis.Line1.YAxis,0
AutoAnalysis.Line1.Point1.Type,0
AutoAnalysis.Line1.Point1.XY.X,
AutoAnalysis.Line1.Point1.XY.Y,
AutoAnalysis.Line1.Point1.Data.Var,
AutoAnalysis.Line1.Point1.Data.Condition,
AutoAnalysis.Line1.Point1.Data.Start,false
AutoAnalysis.Line1.Point1.Data.StartVar,
AutoAnalysis.Line1.Point1.Data.StartCondition,
AutoAnalysis.Line1.Point2.Type,0
AutoAnalysis.Line1.Point2.XY.X,
AutoAnalysis.Line1.Point2.XY.Y,
AutoAnalysis.Line1.Point2.Data.Var,
AutoAnalysis.Line1.Point2.Data.Condition,
AutoAnalysis.Line1.Point2.Data.Start,false
AutoAnalysis.Line1.Point2.Data.StartVar,
AutoAnalysis.Line1.Point2.Data.StartCondition,
AutoAnalysis.Line1.GradientExpr,0
AutoAnalysis.Line2.Enabled,false
AutoAnalysis.Line2.Type,1
AutoAnalysis.Line2.Fix,True
AutoAnalysis.Line2.YAxis,0
AutoAnalysis.Line2.Point1.Type,0
AutoAnalysis.Line2.Point1.XY.X,
AutoAnalysis.Line2.Point1.XY.Y,
AutoAnalysis.Line2.Point1.Data.Var,
AutoAnalysis.Line2.Point1.Data.Condition,
AutoAnalysis.Line2.Point1.Data.Start,false
AutoAnalysis.Line2.Point1.Data.StartVar,
AutoAnalysis.Line2.Point1.Data.StartCondition,
AutoAnalysis.Line2.Point2.Type,0
AutoAnalysis.Line2.Point2.XY.X,
AutoAnalysis.Line2.Point2.XY.Y,
AutoAnalysis.Line2.Point2.Data.Var,
AutoAnalysis.Line2.Point2.Data.Condition,
AutoAnalysis.Line2.Point2.Data.Start,false
AutoAnalysis.Line2.Point2.Data.StartVar,
AutoAnalysis.Line2.Point2.Data.StartCondition,
AutoAnalysis.Line2.GradientExpr,0
AutoAnalysis.Marker.Enabled,false
AutoAnalysis.Marker.Data.Var,
AutoAnalysis.Marker.Data.Condition,
AutoAnalysis.Marker.Data.Start,false
AutoAnalysis.Marker.Data.StartVar,
AutoAnalysis.Marker.Data.StartCondition,
V1,I1
0,3E-14
0.01,-1E-13
0.02,-1.8E-13
0.03,-1.6E-13
0.04,-3E-14
0.05,-2E-13
0.06,-6E-14
0.07,-2.4E-13
0.08,-3.4E-13
0.09,-7E-14
0.1,-3.5E-13
0.11,-3.2E-13
0.12,1E-13
0.13,-1E-13
0.14,5E-14
0.15,-2.1E-13
0.16,-1.1E-13
0.17,-1.3E-13
0.18,-1.6E-13
0.19,-1.2E-13
0.2,3E-14
0.21,-2E-13
0.22,-2E-13
0.23,-2.7E-13
0.24,-1E-13
0.25,-1.7E-13
0.26,-9E-14
0.27,-6E-14
0.28,0
0.29,-8E-14
0.3,2E-14
0.31,-6E-14
0.32,-2.5E-13
0.33,-1.9E-13
0.34,5E-14
0.35,-1.8E-13
0.36,-2.5E-13
0.37,-3.1E-13
0.38,-1.3E-13
0.39,-1E-14
0.4,2.1E-13
0.41,-6E-14
0.42,-2.5E-13
0.43,-2.1E-13
0.44,9E-14
0.45,-1.4E-13
0.46,-1.9E-13
0.47,1E-14
0.48,-1.3E-13
0.49,4E-14
0.5,3E-14
0.51,-1.3E-13
0.52,1.3E-13
0.53,-7E-14
0.54,-1.2E-13
0.55,2E-14
0.56,-8E-14
0.57,-6E-14
0.58,-5E-14
0.59,1E-14
0.6,-1.3E-13
0.61,-4E-13
0.62,3E-14
0.63,-2.6E-13
0.64,4E-14
0.65,-2.2E-13
0.66,-2E-13
0.67,-5E-14
0.68,2E-14
0.69,-1.3E-13
0.7,-1.7E-13
0.71,-1.9E-13
0.72,-1E-13
0.73,5.05E-10
0.74,0.000200005
0.75,0.000200002
0.76,0.000200001
0.77,0.000200002
0.78,0.000200002
0.79,0.000200001
0.8,0.000200002
0.81,0.000200001
0.82,0.0002
0.83,0.000200002
0.84,0.000200002
0.85,0.000200001
0.86,0.000200001
0.87,0.0002
0.88,0.000200001
0.89,0.000200001
0.9,0.000200001
0.91,0.0002
0.92,0.0002
0.93,0.0002
0.94,0.000200001
0.95,0.0002
0.96,0.0002
0.97,0.0002
0.98,0.000200001
0.99,0.0002
1,0.0002
1,0.000200001
0.99,0.0002
0.98,0.0002
0.97,0.0002
0.96,0.000200001
0.95,0.0002
0.94,0.0002
0.93,0.0002
0.92,0.0002
0.91,0.0002
0.9,0.0002
0.89,0.000200001
0.88,0.000199999
0.87,0.0002
0.86,0.000200001
0.85,0.0002
0.84,0.0002
0.83,0.000200001
0.82,0.0002
0.81,0.0002
0.8,0.0002
0.79,0.000200001
0.78,0.000200001
0.77,0.0002
0.76,0.0002
0.75,0.0002
0.74,0.000200001
0.73,0.0002
0.72,0.0002
0.71,0.0002
0.7,0.0002
0.69,0.0002
0.68,0.0002
0.67,0.0002
0.66,0.0002
0.65,0.000199999
0.64,0.0002
0.63,0.000199999
0.62,0.0002
0.61,0.0002
0.6,0.000199999
0.59,0.000199999
0.58,0.000199999
0.57,0.000199999
0.56,0.0002
0.55,0.0002
0.54,0.000199999
0.53,0.0002
0.52,0.000199999
0.51,0.0002
0.5,0.0002
0.49,0.0002
0.48,0.0002
0.47,0.000199999
0.46,0.000200001
0.45,0.000200001
0.44,0.0002
0.43,0.0002
0.42,0.0002
0.41,0.000200001
0.4,0.0002
0.39,0.0002
0.38,0.0002
0.37,0.0002
0.36,0.0002
0.35,0.000200001
0.34,0.0002
0.33,0.0002
0.32,0.0002
0.31,0.000200001
0.3,0.0002
0.29,0.0002
0.28,0.000200002
0.27,0.0002
0.26,0.000200001
0.25,0.000200001
0.24,0.0002
0.23,0.0002
0.22,0.000200001
0.21,0.000200001
0.2,0.0002
0.19,0.0002
0.18,0.000200001
0.17,0.0002
0.16,0.0002
0.15,0.000200001
0.14,0.0002
0.13,0.0002
0.12,0.0002
0.11,0.0002
0.1,0.000200001
0.09,0.000200001
0.08,0.0002
0.07,0.0002
0.06,0.000200001
0.05,0.000200001
0.04,0.000200001
0.03,0.0002
0.02,0.0002
0.01,0.0002
0,5.7317E-07
